"data","producao_m3"
1997-01-01,3953347
1997-02-01,4074225
1997-03-01,4210639
1997-04-01,4038285
1997-05-01,4028209
1997-06-01,4082475
1997-07-01,4214599
1997-08-01,4120922
1997-09-01,3940067
1997-10-01,3629331
1997-11-01,3836152
1997-12-01,4519058
1998-01-01,4349508
1998-02-01,4070983
1998-03-01,4570727
1998-04-01,4375739
1998-05-01,4708520
1998-06-01,4540991
1998-07-01,4779967
1998-08-01,4864735
1998-09-01,4586983
1998-10-01,4869046
1998-11-01,5081166
1998-12-01,5587186
1999-01-01,5541857
1999-02-01,4812549
1999-03-01,5291351
1999-04-01,5186060.2
1999-05-01,5256434
1999-06-01,5035586.4
1999-07-01,5311155.9
1999-08-01,5378299.6
1999-09-01,5274689
1999-10-01,5388620
1999-11-01,5416110.1
1999-12-01,5824968.04
2000-01-01,5690793.34
2000-02-01,5167309.7
2000-03-01,5861503.84
2000-04-01,5538707.2
2000-05-01,5713178.09
2000-06-01,5764512.63
2000-07-01,5851190.49
2000-08-01,5876615.85
2000-09-01,6196036.17
2000-10-01,6476596.98
2000-11-01,6513555
2000-12-01,6993695
2001-01-01,6498404.66
2001-02-01,5971240
2001-03-01,6211220
2001-04-01,6052810
2001-05-01,5920527
2001-06-01,6173469
2001-07-01,6428124
2001-08-01,6338025
2001-09-01,6223285.4
2001-10-01,5806609
2001-11-01,6384420.36
2001-12-01,7011827.23
2002-01-01,7106895.01
2002-02-01,6389095.2
2002-03-01,7179072.11
2002-04-01,7007921.28
2002-05-01,7305932.8
2002-06-01,7166751.3
2002-07-01,7164729.06
2002-08-01,7413678.58
2002-09-01,7085701.59
2002-10-01,7286273.26
2002-11-01,6676712.79
2002-12-01,6616203.3
2003-01-01,7409792.4
2003-02-01,6872129.83
2003-03-01,7453190.48
2003-04-01,7250213.73
2003-05-01,7332230.94
2003-06-01,6545204.61
2003-07-01,7349096.34
2003-08-01,7595172.73
2003-09-01,7261755.74
2003-10-01,7390238.89
2003-11-01,7062968.33
2003-12-01,7297703.21
2004-01-01,7182535
2004-02-01,6694563.89
2004-03-01,7294742
2004-04-01,6911528
2004-05-01,7001749.2
2004-06-01,7066628
2004-07-01,7458958
2004-08-01,7403277.11
2004-09-01,7264852.38
2004-10-01,7396430.07
2004-11-01,6927262.75
2004-12-01,7364453.24
2005-01-01,7382253.8
2005-02-01,6644406.78
2005-03-01,7581901.5
2005-04-01,7995070.12
2005-05-01,8324683.79
2005-06-01,8100731
2005-07-01,8282310
2005-08-01,8013086
2005-09-01,7950711
2005-10-01,8233697
2005-11-01,7985490
2005-12-01,8302392.85
2006-01-01,8321361.67
2006-02-01,7533460.17
2006-03-01,8358066.892
2006-04-01,8286098.27
2006-05-01,8615745.101
2006-06-01,7776547.27
2006-07-01,8502762.55
2006-08-01,8393093.87
2006-09-01,8265597.43
2006-10-01,8683793.28
2006-11-01,8425352.38
2006-12-01,8808734.566
2007-01-01,8557459.82
2007-02-01,7827167.336
2007-03-01,8719200.49
2007-04-01,8294578.63
2007-05-01,8506144.23
2007-06-01,8507653.465
2007-07-01,8742542.777
2007-08-01,8666584.365
2007-09-01,8234482.782
2007-10-01,8315685.251
2007-11-01,8162620.676
2007-12-01,8902508.759
2008-01-01,8753001.2072
2008-02-01,8169006.8053
2008-03-01,8624510.1274
2008-04-01,8573236.23751
2008-05-01,8947343.87161
2008-06-01,8727799.63879
2008-07-01,8993783.52245
2008-08-01,9073101.54732
2008-09-01,8857867.80279
2008-10-01,9032538.70816
2008-11-01,8619957.02785
2008-12-01,9080023.54313
2009-01-01,9310660.50894
2009-02-01,8493595.59907
2009-03-01,9577172.19028
2009-04-01,9256418.88216
2009-05-01,9636553.75663
2009-06-01,9146200.26404
2009-07-01,9456357.16563
2009-08-01,9661504.20067
2009-09-01,9504933.75224
2009-10-01,9810382.82746
2009-11-01,9474177.78954
2009-12-01,9852167.35337
2010-01-01,9841034.04457
2010-02-01,8977144.36206
2010-03-01,10038413.96384
2010-04-01,9907401.40362
2010-05-01,10227859.27391
2010-06-01,9784465.66561
2010-07-01,10131670.08659
2010-08-01,10242388.16246
2010-09-01,9528101.69467
2010-10-01,9845848.48453
2010-11-01,9963874.10006
2010-12-01,10744710.50315
2011-01-01,10459862.54229
2011-02-01,9179918.65498
2011-03-01,10261544.68924
2011-04-01,9786788.44963
2011-05-01,10210190.2023
2011-06-01,10192674.06989
2011-07-01,10236133.12475
2011-08-01,10113736.43757
2011-09-01,10012433.89338
2011-10-01,10373449.03103
2011-11-01,10438136.87264
2011-12-01,10912001.08766
2012-01-01,10993515.99622
2012-02-01,10166701.05344
2012-03-01,10287593.77928
2012-04-01,9641935.14558
2012-05-01,10092616.65581
2012-06-01,9695665.18111
2012-07-01,9971773.01643
2012-08-01,9877331.16101
2012-09-01,9175222.41316
2012-10-01,9912636.17562
2012-11-01,9752827.71084
2012-12-01,10373349.51529
2013-01-01,10121333.30641
2013-02-01,8980299.01483
2013-03-01,9130966.63402
2013-04-01,9171082.71042
2013-05-01,9824229.47188
2013-06-01,10020725.96965
2013-07-01,9731279.15641
2013-08-01,9911444.9545
2013-09-01,9987345.88512
2013-10-01,10245378.70996
2013-11-01,9926112.43471
2013-12-01,10395815.23149
2014-01-01,10116219.8826
2014-02-01,9302575.52155
2014-03-01,10441977.61897
2014-04-01,10236310.55012
2014-05-01,10790535.08373
2014-06-01,10710183.07099
2014-07-01,11174550.87748
2014-08-01,11465497.77828
2014-09-01,11249118.70638
2014-10-01,11794527.72313
2014-11-01,11245741.43269
2014-12-01,12307869.91741
2015-01-01,12171005.97151
2015-02-01,10823537.99648
2015-03-01,11893518.43049
2015-04-01,11419328.12767
2015-05-01,11888261.63378
2015-06-01,11427870.9952
2015-07-01,12153759.31339
2015-08-01,12552588.18831
2015-09-01,11424773.10936
2015-10-01,11860457.90691
2015-11-01,11349421.28268
2015-12-01,12481024.96512
2016-01-01,11597168.85063
2016-02-01,10765923.55455
2016-03-01,11159478.41722
2016-04-01,10923090.87876
2016-05-01,12257982.92098
2016-06-01,12202867.40228
2016-07-01,12733059.06988
2016-08-01,12857464.78548
2016-09-01,12741490.20332
2016-10-01,12932062.03171
2016-11-01,12441671.61477
2016-12-01,13454317.35443
2017-01-01,13241003.59679
2017-02-01,11910377.67667
2017-03-01,12567783.52937
2017-04-01,12109928.19039
2017-05-01,13076945.86571
2017-06-01,12757632.63967
2017-07-01,12927061.41503
2017-08-01,12696405.09396
2017-09-01,12651851.10421
2017-10-01,12949555.92038
2017-11-01,12375461.30509
2017-12-01,12875354.23937
2018-01-01,12889260.03892
2018-02-01,11651491.61107
2018-03-01,12603923.94621
2018-04-01,12385403.3305
2018-05-01,12851124.61371
2018-06-01,12352575.38471
2018-07-01,12691798.87597
2018-08-01,12428693.96876
2018-09-01,11855956.64877
2018-10-01,12884027.90334
2018-11-01,12245479.58345
2018-12-01,13262950.25593
2019-01-01,12966799.38962
2019-02-01,11082031.43667
2019-03-01,12617704.07193
2019-04-01,12419622.79614
2019-05-01,13459873.67949
2019-06-01,12197977.95046
2019-07-01,13675415.41274
2019-08-01,14733725.91713
2019-09-01,13961986.12784
2019-10-01,14607873.07492
2019-11-01,14740355.6704
2019-12-01,15311227.46523
2020-01-01,15615834.65626
2020-02-01,13701310.36634
2020-03-01,14654648.24031
2020-04-01,14110271.7799
2020-05-01,13629741.21828
2020-06-01,14371559.16947
2020-07-01,15171754.40478
2020-08-01,15214597.4263
2020-09-01,13865864.14017
2020-10-01,14162776.80801
2020-11-01,13138309.70491
2020-12-01,13437134.50949
2021-01-01,14159958.10101
2021-02-01,12548843.00419
2021-03-01,14018536.99218
2021-04-01,14185436.1145
2021-05-01,14449445.50075
2021-06-01,13848289.57785
2021-07-01,15008886.80474
2021-08-01,14772715.90658
2021-09-01,14312681.01978
2021-10-01,13689776.14079
2021-11-01,13601431.32037
2021-12-01,13989220.34929
2022-01-01,14945904.00208
2022-02-01,12983466.76252
2022-03-01,14693081.13645
2022-04-01,14304600.50544
2022-05-01,14188437.32737
2022-06-01,13491105.83122
2022-07-01,14601125.94602
2022-08-01,15212749.16505
2022-09-01,15014034.15772
2022-10-01,15990952.13947
2022-11-01,14764266.11611
2022-12-01,15149380.61047
2023-01-01,16138145.635
2023-02-01,14519303.992
2023-03-01,15354376.906
2023-04-01,14982264.736
2023-05-01,15777909.387
2023-06-01,16057262.422
2023-07-01,17312823.656
2023-08-01,17063068.404
2023-09-01,17515199.955
2023-10-01,17463213.559
2023-11-01,17544089.799
2023-12-01,17669743.44
2024-01-01,17344377.195
2024-02-01,15898965.323
2024-03-01,16541658.229
2024-04-01,15236162.6
2024-05-01,16352784.334
2024-06-01,16272345.948
2024-07-01,15931278.385
2024-08-01,16474641.4
2024-09-01,16562423.686
2024-10-01,16121037.105
2024-11-01,15799690.653
2024-12-01,16861901.994
2025-01-01,16997021.533
2025-02-01,15527774.733
2025-03-01,17845550.541
2025-04-01,17323715.384
2025-05-01,18132704.885
2025-06-01,17921902.002
2025-07-01,19511945.328
2025-08-01,19202227.357
2025-09-01,18671815.272
2025-10-01,19861174.349
2025-11-01,17993616.94
2025-12-01,19787493.978
